Sensitivity,Specificity,Accuracy,ppv,npv,variable
0.8710629921259843,0.8649906890130353,0.8675274988043998,0.8592233009708737,0.8764150943396226,Precision Medicine
0.9230769230769231,0.7995991983967936,0.8637015781922525,0.8344370860927153,0.9047619047619048,Diabetes
0.9338383838383838,0.7476635514018691,0.9225251076040172,0.9856076759061834,0.3791469194312796,Primary Study
,,0.7623146819703491,,,Source Population
