Sensitivity,Specificity,Accuracy,ppv,npv,variable
0.7300613496932515,0.8587257617728532,0.4694938440492476,0.7,0.8757062146892656,Precision Medicine
0.8848484848484849,0.7353760445682451,0.4487004103967168,0.6058091286307054,0.9328621908127208,Diabetes
0.901010101010101,0.7586206896551724,0.5121751025991792,0.9845474613686535,0.30985915492957744,Primary Study
,,0.7,,,Source Population
