Sensitivity,Specificity,Accuracy,ppv,npv,variable
0.8699106256206555,0.8670411985018727,0.8680154142581888,0.8605108055009824,0.8760643330179754,Precision Medicine
0.9226519337016574,0.8008088978766431,0.8641618497109826,0.835696413678065,0.9041095890410958,Diabetes
0.934351145038168,0.7476635514018691,0.9229287090558767,0.9855072463768116,0.3827751196172249,Primary Study
,,0.8521194605009634,,,Source Population
,,0.6955684007707129,,,"Overall Conditions (Precision Medicine, Diabetes, Primary Study)"
